winery_idx,winery_safegraph_place_id,emb_0,emb_1,emb_2,emb_3,emb_4,emb_5,emb_6,emb_7,emb_8,emb_9,emb_10,emb_11,emb_12,emb_13,emb_14,emb_15,emb_16,emb_17,emb_18,emb_19,emb_20,emb_21,emb_22,emb_23,emb_24,emb_25,emb_26,emb_27,emb_28,emb_29,emb_30,emb_31
0,00eaa362692240fbbfa44303099bdfd6,0.11407986,-0.441041,-1.4017746,-0.5815419,-0.17033523,0.10585073,0.022235394,-0.68872523,-1.7252922,0.026017725,-1.0424737,0.2302137,-1.0203624,-0.39955273,0.8562399,0.0061025172,-0.1763634,-0.25547856,-1.3624709,1.0432028,0.564973,-0.7612817,0.49118364,0.5838683,-1.1741378,-1.3492348,0.34484348,0.5588607,-1.1184736,-0.959002,-1.6869993,-0.568191
1,05d0876a91234d8a94c3ca5753be8a82,-0.8192947,-1.1036127,-1.3152007,-0.4027519,0.41662776,-0.424433,0.03817433,0.031156674,-0.9301207,-0.4485808,-0.20286265,-0.23514539,-0.4513753,-2.0199814,0.11407004,-0.0062857084,0.39832637,-0.6429852,-0.23659681,0.048456267,0.43690932,0.3240742,0.5947924,-0.32853913,-0.36572403,-1.5486742,-0.50684136,-0.03519135,-1.4140526,0.06237626,0.3065858,0.3297814
2,0f126225392648a0984ea1e9da91f832,0.38176575,-0.05397162,-0.2095041,-0.27931532,-0.1800173,0.053625673,-0.2724056,-0.3871358,-0.8516676,0.443468,-0.694109,0.16139176,-1.1098161,0.11820954,0.46370926,0.039594993,-0.48431188,0.9720941,-1.1409407,0.8336442,0.0583158,-0.21918876,-0.8698377,0.2079042,-0.5165379,-0.58628047,0.1346449,0.7104142,-0.64653176,-0.15071088,-1.000876,-0.47558498
3,11c4e0587a3831cf95564061262e3cc1,0.13159367,-0.5353889,-0.62265366,-0.52975154,0.32286096,0.5449766,-0.9845479,-0.79664665,-0.41042882,-0.50545275,-0.37611765,0.70112634,-0.9545559,-0.03857237,-0.067044854,-0.15997262,0.5111053,-0.46917415,-1.1561277,0.035475627,-0.38093448,-0.4470536,1.1690353,-0.028301805,-0.46955276,-0.22860347,0.8319235,0.22574137,-0.33177644,-0.32816616,-0.20414108,0.063434914
4,1515c94c11bb43278f7b6d9ba205d4db,-1.0104831,0.1809127,0.42714685,0.023279473,-0.48243797,-0.6516845,-1.1375933,-0.29133368,0.36797178,-1.3840733,0.0584355,-1.5529675,-0.9096466,0.37898824,-0.5434618,-0.28512907,0.0036953008,0.05635941,-0.6911783,-1.7516366,0.16740808,-0.19129005,-0.6700691,-0.8120606,0.5161028,0.6452774,-1.4595903,-0.73511064,0.13217092,-0.20575655,-0.48943454,-0.039993376
5,176cc83cef304736afe02c9d0ee6e138,-0.30944687,-0.7841239,-0.025015652,-0.004232779,0.33259565,-0.13686189,-1.812985,0.6924268,0.63475484,-1.0235242,0.17854744,-0.561811,-0.9978825,-0.45685756,-0.826331,-0.1852006,-0.1561592,0.2866436,0.08909443,-1.4701225,-0.05451446,0.2123834,-0.34880212,-0.4360422,-0.1575683,-0.5599115,-0.35534513,-0.329748,0.05234006,0.13715692,0.3442819,0.09381954
6,19788bae051f43bc96c617e63c1c221b,-2.6317506,-0.0054138303,0.5995748,0.025869086,-1.4243963,-0.8111541,-0.23155138,-0.1350619,0.4130882,-0.23198164,-0.86897844,-0.4461693,-0.80945647,-0.3655797,0.51444685,0.076666385,0.1835204,0.6036654,-0.18939532,0.1613272,-0.16731843,0.04692647,-2.2839298,0.26726937,0.18797316,-0.3827216,-1.7245806,-0.3966269,-0.30985335,0.2886871,-0.48980287,-0.0448855
7,287e017be6854615b8f1db71cf035aba,-0.06577763,-1.1349186,-1.0411935,-0.059863463,-0.12117994,-0.40822574,-1.0270436,-0.05999385,-0.46617818,-0.26104933,0.12330872,-1.3267887,-2.0111592,-0.7872324,-0.95179063,-0.30075485,-0.16852787,-0.62027663,-0.50440365,-1.0363939,0.20087773,-0.30264288,-0.2184743,-1.0722469,-0.46734405,0.26045895,-0.85608935,-1.3177508,0.07666248,-1.1607751,-0.1602254,0.07693891
8,2b9c1d49eee5450a817bc846a16b84fd,-2.0849233,-0.102057785,0.3168996,0.1451905,-1.7354347,-1.2301039,0.33583373,-1.2936187,0.44422817,-0.3547666,-1.136452,-0.34549135,-0.44402647,-0.15371828,-0.7033901,0.29903853,0.28191835,-0.32317463,-1.3357354,-0.9622658,0.2806894,0.018754631,-0.57760495,-0.23540092,0.53598994,-0.07292825,-1.154731,-0.8998468,-0.2466585,0.18759198,-0.57168996,-0.0067951977
9,2e9d7218809a3efbb4371f5a46d7b058,0.38151667,-0.17333843,0.008247882,0.11546981,-0.11570946,0.8146552,-2.1846206,0.45724523,-0.08253761,-0.06214121,-0.25516036,-0.675735,-1.9303963,0.13287497,0.23513925,-0.110915124,-0.42201468,0.83167964,0.32144928,0.05379115,-0.74548876,-0.4554062,-0.1441658,-0.03254479,-0.93107474,-0.2352712,0.35890877,0.29976183,0.25472808,-0.46011782,-0.600707,-0.51038975
10,2f1c069604614399872e767a423082bb,-0.96655,-0.15651406,-0.26434723,-0.52473295,-0.14676934,-0.40651017,-1.4060769,-0.18672007,0.14985007,-0.9557953,-0.7093023,-0.8103673,-1.1565363,-0.5574463,-0.20036016,0.12118417,-0.06181812,0.4940543,-0.6339352,-0.9145185,0.3673134,-0.24751775,-0.0026288573,-0.5655717,0.057658568,0.0053001344,-0.21714582,-0.64667064,-0.062344253,-0.75407314,-0.705216,-0.37280208
11,31c573f634ea388d88a1eaf5d196912b,-0.24467961,0.09694916,-0.0867562,-0.11879726,0.5289578,0.49916032,-0.57333386,-0.381185,-0.19757245,-0.21076018,-0.90798295,0.7974701,0.002938211,-0.16749924,0.2805924,-0.18613726,-0.091093555,0.5844341,0.6501441,-0.38159442,-0.11857432,0.017231151,0.5615287,0.5165627,-0.1550543,-0.7982892,0.55729043,0.50096065,-0.59357786,0.1296886,-0.10521677,0.076226994
12,33ff2f6f10fa3f1e8255f0a71e3b9146,0.42173615,-0.25355434,-0.3243857,-0.23222563,-0.21679172,-0.15023515,-0.8546299,-0.74123085,-0.735991,0.116941035,-0.82010806,-0.028238378,-1.5108488,0.050088435,0.18094167,-0.13304788,-0.25980815,0.3183679,-1.5276959,0.8277165,0.073943466,-0.3584846,-0.3219359,0.6451275,-0.6129299,-0.45172533,0.7505369,1.2893877,-0.65674466,-0.42281443,-1.1027931,-0.49832124
13,356d487fbcc130cfb910105b4dda9640,-1.3602247,0.01738581,0.4550416,0.8551879,-0.9118952,-0.31819314,-0.28738174,0.5024969,0.37513798,-0.7228501,-2.1130881,-0.50320476,-0.3365562,-0.16730532,-0.40710717,0.13888654,-0.70650107,-0.2919596,0.3156708,-0.66280276,-0.25140572,-0.17253155,-0.59023243,-0.30288523,0.41842115,-0.03926319,-0.012408234,-0.3468144,0.0012990534,0.0104762465,-0.47184986,-0.60123295
14,3baeed85fca33a9b8dfd97ca37742710,-1.1233212,-1.3077189,-0.97430396,-0.5166735,-0.5461362,0.31840387,-0.27939272,-0.2185413,-0.8183389,0.007211745,-1.1002691,-0.19504702,-1.5975871,-2.2548938,0.40049475,0.44954342,-0.7642906,-0.17424618,0.036925197,0.83265644,-0.034722548,-0.35850978,0.74213916,0.35037708,-0.58751583,-1.0450854,0.43743303,0.26979917,-0.64497554,-0.52686083,-0.99269503,-0.78943104
15,3ea5089ff95f300cab79b75e7582b049,0.45739385,-0.5943165,-1.9817135,-0.8194114,0.5631072,-0.070125684,-0.12677658,-0.62100625,-1.9090976,0.21807891,0.30951136,0.80504,0.18591386,0.35059544,0.653709,-0.71290356,0.072096206,-1.2437183,-0.3123871,0.75053954,-0.47505376,-0.8996485,0.656385,0.4309824,-1.3063046,-0.6405586,0.30084175,0.370693,-0.8087518,-0.97828007,-0.43945745,-0.5784629
16,44b25b2a2e003020996b920c26667d06,-0.14045474,-0.85337603,0.31377143,-0.31189215,-0.17949763,-0.7147561,-2.246165,0.06758335,0.71657443,-1.6126733,0.32298857,-0.9183801,-1.3114692,-0.37393785,-1.2419903,-0.43882465,-0.75127006,-0.38898933,0.013397962,-1.9160975,0.10629055,0.12880923,-0.39313215,-1.1484718,0.18431444,0.5031707,-0.67021716,-0.5663229,0.4212314,0.14342494,0.05781713,-0.12695137
17,4b8984deb44443b790def195980b7498,-0.29120192,-0.45663267,-0.3272951,0.113755345,0.12622796,0.0597381,-1.0308377,0.21362631,0.4643739,-0.51944363,-0.202414,-0.910399,0.12635398,-0.7783469,-1.6378648,-0.18215585,0.24416043,0.569447,-0.0053117275,-2.515608,0.016890466,0.42494237,0.4544024,-1.0458158,0.20534228,-0.035370737,-0.2682128,-1.1898924,0.061148137,0.13634948,0.12847137,-0.017073557
18,5342bfa14bfc4a1eb0bfa15249564492,-0.44249898,-0.56651807,-0.5109528,-0.08698821,0.019662276,0.27360365,-1.1805503,0.48955047,-0.122917816,0.30779532,-0.74358034,-0.17849936,-0.69292223,-1.3575047,-0.44172046,-0.068267606,-0.39338222,0.8889855,0.3822443,-0.6005099,0.30114707,0.48300833,-0.8695678,-0.12547937,-0.5937672,-1.1677161,0.027014643,0.12413904,-0.98462725,0.13192193,0.23231906,0.23033471
19,58fb7ff530733f25a239a61846bac1de,0.18640473,-0.6543541,-0.9793438,-0.7696563,0.21052419,0.8098608,-0.69502956,-0.6449485,-0.77829397,-0.3079816,-0.29753792,0.3307324,-0.60941774,-0.13017343,-0.086907394,-0.3826853,0.5012008,-0.51616156,-1.0173323,0.18466295,-0.26927608,-0.6196367,1.230916,0.2242385,-0.7148029,-0.5122109,0.77560425,0.3239589,-0.60313046,-0.4902271,-0.69132376,-0.2107961
20,5a9ec839448d3ef7960fb1cd85a75431,-0.6655439,-0.086245805,-0.32168987,-0.2166245,-0.064057104,0.3264573,-0.13459975,-0.7367124,-0.46223393,0.24466464,-1.0376801,0.56857854,-0.92607975,-0.10473628,0.45717642,0.38160485,-0.22001715,0.46376202,-0.4797801,0.6070388,-0.26263678,-0.44146383,0.61354864,0.65852046,-0.021456152,-0.12992859,0.69362056,0.3942189,-0.31184852,-0.3274777,-1.1238785,-0.641353
21,64f3ac69119d45829bfb7e7e0938b386,-0.71264064,-0.13622773,-0.15612163,-0.2830866,-0.17371385,0.09385997,-1.3670847,0.6441436,-0.0361591,-1.4145727,-1.2054224,-1.0988209,-0.86559314,-0.59327567,-0.5780951,-0.31930047,-0.40922454,0.15904771,0.47082835,-1.445952,0.2272673,-0.17185213,-0.124413595,-0.47803503,-0.1483292,-0.6680859,0.049612433,-0.3627826,-0.6195612,-0.56264216,0.119829774,-0.3157525
22,6f34f97b14494605a6f2d2c43674ac4f,-1.3060892,-0.34968063,-0.89085734,-0.12722217,0.18438943,-0.9644035,0.36545223,-0.22912359,-0.564096,-0.5364176,0.04781443,0.88121647,1.5757694,0.15355763,0.88424736,-0.31285113,0.76241195,-1.0923444,0.16104633,0.18780743,-0.30211496,-0.26638943,0.8201861,-0.060748033,-0.11027942,-0.11126655,-0.3175724,0.19406994,-0.30563098,0.15464197,-0.52124345,0.41581196
23,8069297cd11e49f99c80a86bd33a8c5f,-0.39655572,0.30406305,-0.015366942,-0.19003266,0.12824611,-1.6244956,-0.41294745,-0.69180316,-0.2866658,-0.12046471,-0.71897507,0.2944566,0.40780073,-0.15687655,-0.21713732,-0.06496624,0.046955332,0.47201735,-1.4243145,-1.0227232,-0.076614596,-0.051044784,-0.83081204,-1.6570048,-0.086296454,0.28256506,-1.077891,-1.2214026,-0.34965762,0.1487353,0.30113035,-0.36810404
24,829ff21096af3d0d8db0faa6b7141d33,-0.41310593,0.48730156,-0.51041687,-0.2367155,0.427845,0.42540565,-0.67209476,-0.31832245,-0.14955902,-0.68758345,-0.40015662,0.89230436,0.70307857,1.108425,0.41070092,-0.5867668,0.0951146,-0.78679824,1.170528,-0.37624156,-0.86112726,-0.5610508,0.60645694,0.23916824,-0.14647827,-0.024159819,0.63781834,0.13865273,0.10474512,-0.22548223,0.40462774,-0.2955945
25,90ea6aafc25e36589ddba9494994ad62,0.3496888,-0.6353617,-0.61579055,-0.6094897,-0.36041433,0.28828678,-1.1718802,-0.4103036,-0.9533238,-0.6594248,-0.10041624,-0.041487567,-1.7545872,0.5521778,0.35311753,0.04695133,-0.67170626,-0.5504078,-0.67140263,0.79264253,0.031636707,-0.7093189,-0.13416119,-0.032185152,-0.9712938,-0.29353037,0.23297524,0.78650635,-0.5490881,-0.51613575,-1.2978749,-0.4833613
26,92baef3be3803fa58980fd139f673c1a,0.11499545,-0.28919867,-0.46088222,-0.25413516,0.2059546,0.25229135,-0.74869764,-0.5246899,-1.1497781,0.34605017,-0.7582141,0.0044682473,-1.0251193,-0.82411385,0.59245205,-0.2466586,-0.12439049,0.80043757,-0.4614863,0.71401936,-0.13161893,-0.08109689,-0.16716258,0.4425153,-0.6529505,-1.8047253,0.08170766,0.9723956,-1.3430377,0.22433843,-0.49359915,-0.4369887
27,93d179157e2f32de87bf033df8e96cff,-0.5407357,-0.20474775,-0.95559937,-0.30479407,-0.43353808,-0.11324836,-1.152899,-0.2742408,-0.35851985,-1.0035172,-0.4364883,0.15173185,-0.20367283,0.6377535,0.37047115,0.18502547,-0.23579395,-1.0534203,-0.2508912,0.3141619,-0.3036012,-0.73802644,0.2719069,-0.074253656,-0.6626603,-0.35590917,0.69128275,1.0631522,-0.28889993,-0.12754866,-0.8268571,-0.7725789
28,95210b0a26a837f5916ee42cf81d6a19,-1.4544328,-0.46056372,-0.3882769,-0.036899425,-0.9027433,-0.512252,-1.524893,0.47341514,0.17672163,-0.43029448,-0.8837932,-1.7169201,-1.2941787,-1.2284367,-0.862893,-0.08059109,-0.26472571,0.028460963,-0.38275775,-0.6173693,0.05553846,-0.22457635,-1.3596853,-1.2019638,-0.46205014,-0.8320907,-0.6975248,-0.94408315,-0.4052058,-0.04841967,-0.83423454,-0.76959133
29,98256bfd4e3936d383fd4c91506ce8c1,-0.15711421,-0.39650837,-0.6211708,-0.11425874,0.008936152,0.2110503,-1.161654,-0.3715263,-0.5178472,-0.41523474,-0.22266072,-0.2009912,-1.1546453,0.09130022,-0.050438352,-0.38493073,0.09907387,-0.4769796,-0.027837813,-0.012622818,-0.42466277,-0.39834505,0.44117293,0.24451588,-0.20544742,-0.2029385,0.2343024,0.15146013,-0.10334113,-0.49603653,-0.34397992,-0.29012582
30,9d17583672984803b28b297f46fd0dc3,-0.08180514,0.10715583,0.018987536,-0.20481034,-0.5606127,0.5046066,-1.8880305,-0.45167226,-0.18596035,-0.4672724,-0.929363,-1.6456413,-2.3030195,-0.10105786,0.4045059,-0.07715109,-0.36360714,0.43516445,-0.39121908,0.2704416,-0.22680081,-0.69391966,-0.23639753,-0.1381287,-0.62636787,-0.77162474,0.082007274,0.32809034,-0.16127658,-0.5878028,-0.98763674,-0.7993306
31,b31d44399d0830da92dd09064cb53b3b,0.5871687,-0.15952829,-0.97428656,-0.64273787,0.42148536,0.5441083,-0.51909745,-0.7066959,-1.1306796,0.14791307,-0.11878154,1.2137566,-0.14990622,0.6959686,0.7001035,-0.54040504,0.5020256,-0.36516404,-0.3641766,1.0395936,-0.587929,-0.48960263,0.7731312,0.5599297,-1.0037909,-1.1561528,0.8712609,0.8645171,-0.61712277,-0.061337076,-0.31680956,-0.05553052
32,b6736ffc9ca6414cb415d0fe77f48a66,-0.6689236,-0.7791336,-0.7583052,-0.6116402,-0.7456237,-0.07721357,-0.56084824,-0.97713906,-0.91275066,-0.2157354,-0.4063858,-0.34801218,-1.2271755,-0.31413534,0.1833958,-0.047938187,0.04603752,-0.5724971,-1.089706,0.5395059,-0.014401577,-0.35905606,0.27674702,0.10115944,-0.342037,-0.5747742,-0.46920922,0.12246903,-0.5650444,-0.28402236,-0.9608049,-0.21612501
33,b8aa24b4c00b3986897e8370e31b3bc6,0.56855476,-0.031658232,-0.6440342,-0.24694279,0.5790085,0.29343614,-0.6703322,-0.03552735,-0.53951603,-0.22437996,-0.35360914,1.0308049,0.3197171,-0.04665795,0.665118,-0.23149072,-0.04850732,-0.3477683,0.43542808,0.17198895,-0.203306,-0.13106358,0.6588655,-0.28484964,-0.66389495,-0.37218747,0.82249546,0.98595285,-0.5555464,0.17138954,0.26943547,0.349783
34,bc75c725f204407e8f16fc959cdc20f2,0.39718094,-0.40623552,-1.2099963,-0.085585535,0.40272647,-0.0142276585,-0.23836553,0.07033755,-1.0993295,0.54789627,-0.56632924,0.49506617,-0.39845595,-0.4248417,0.70257515,0.047833346,0.29749924,-0.03726494,0.08372238,0.8679604,-0.29932538,-0.23951977,0.68095636,0.034253523,-0.72387123,-0.27174687,0.62493217,0.4935433,-0.41635785,-0.67979145,-0.065086484,0.14992799
35,ca308b3f4c4d41bf9a1ceeb8f8b290e2,-0.86940765,-0.60064065,0.06522435,-0.42130548,-0.13687691,0.37384865,-2.588528,0.33649778,0.36404157,-1.69494,-0.7717396,-2.2853558,-1.6417923,-0.8234266,-0.67601603,-0.18190846,0.07028277,0.47530878,-0.44610038,-1.8813853,0.1419164,-0.28541547,-0.35981667,-1.5342845,-0.26166508,-0.26616204,-0.6430807,-0.7288771,-0.48615342,-0.53163165,-0.00050896406,0.028719887
36,ccfa56561ff348cba39367b69824137e,0.026370615,-0.47926116,-0.847244,-0.661816,0.5605176,-0.64972246,-1.320291,0.35557956,-0.7443774,-0.58115757,-0.61984533,0.05562961,-0.84549475,-0.4829632,0.0410298,0.21418981,-0.06518842,-0.12043436,-1.1254599,-0.08648392,0.24027947,0.156707,0.17369002,-0.9908186,0.18424751,-0.7564273,0.1965811,0.040445976,-0.7847487,-0.06634938,0.43162847,-0.0799862
37,d285bc21a8714fb5b3013cac06e6ddb7,-0.64242375,-0.08447103,-0.21466556,-0.29979908,0.14801581,0.061321527,-0.41515106,-0.47433162,-0.59240735,-0.4218399,-1.2906251,-0.0110742,0.020344198,-0.6575545,0.5540877,-0.6274551,0.024508879,0.26093274,-1.7845479,0.53203094,0.21911687,-0.40663737,-0.146668,0.44059187,-0.45260155,-1.40415,0.15864739,0.8664862,-1.1159072,0.027264372,-1.227339,-0.37460142
38,d772fbd31bc045c39f012bec97d64acd,-0.67770314,-0.54883265,0.062358737,-0.32758564,-0.39881545,-0.37556332,-0.83597696,-0.32452172,-0.14667284,-0.65805614,-0.58246624,0.054125175,-0.96549046,-0.2160124,0.15265566,0.04257887,-0.14404605,0.21899296,-1.1325678,0.48171085,0.35977817,-0.010079771,-0.9634765,-0.09837645,-0.15446438,-0.368369,-0.14854178,0.7284544,-0.7034719,0.32957548,-1.0713286,0.114461884
39,da3841101b07495fa5fb73b8c824e8de,0.45628038,-1.5807017,-0.5885522,-0.1375094,-0.13961673,0.15079322,-1.9011238,-0.3880303,-0.4372796,-0.8531432,0.544536,-0.7822731,-2.0814102,-0.0036312044,-0.4441504,-0.20931312,-0.0038402714,-0.7726002,-0.36359107,-0.26618564,-0.271971,-0.5432596,0.75296557,-0.74788994,-0.99827915,1.0209063,0.09090619,0.035887755,0.26151633,-0.9188997,-0.9894078,0.5476446
40,deaac94dc2114906bbb587b4723a4010,-0.8411615,0.23402414,0.2627923,0.5519545,-0.05579471,-0.7366679,0.19437927,0.06446467,0.39063764,-0.3542626,-0.9547839,-0.24875784,0.0995608,-0.045544863,-0.28887364,-0.31767774,-0.31747118,-0.16744764,-0.16393961,-0.4775296,0.15820706,0.2457877,-1.272086,0.08251731,0.5447133,-0.72931254,-0.270494,0.31702822,-0.40670124,0.50778013,-0.28914568,-0.35313097
41,e4f9c844dfa134fd9151089567a3478c,0.25651494,-0.3709596,-1.0383081,-0.4567924,0.17979006,-0.061587825,-1.426426,-0.1628731,-0.7754781,-0.21144375,0.427858,-0.06757634,-0.99637496,-0.5948272,0.9557645,-0.30664605,-0.35827628,-0.59573066,1.1144931,0.68996364,-0.56675136,-0.29733863,0.26663724,-0.44252425,-0.8936551,-0.71284604,-0.12900403,0.84873146,-0.2542432,-0.15750022,0.7879885,-0.0015213042
42,e7e5c58aa1bb428a92b99dd99dd71704,-1.9816041,-0.64857554,-0.102817774,0.5298624,-0.81121147,-1.5705141,0.008541048,0.19660239,0.2988224,-0.2893626,-0.9981231,-0.10230881,-0.4799928,-1.222885,-0.3613474,0.6353745,-0.41021168,0.2806773,-0.15926202,-0.8848449,0.37371448,0.2371424,-0.06705575,0.14596651,0.60334945,-0.22378276,-0.6787455,-0.43348348,-0.09465402,-0.0038834512,-0.7846434,-0.35894668
43,ed9adff6255d4001b4a8e57c12e10eaa,-2.93301,-0.044679046,0.4073283,0.3800178,-2.2715874,-1.958128,0.39518172,-0.028052405,0.44871062,-0.22844198,-1.6930281,-0.55172193,-0.100964606,-0.023114324,-0.5822603,0.060329556,-0.12726407,-0.41783252,-0.2721554,-0.6567367,-0.028916314,-0.029467821,-2.266217,-0.120101556,0.18667613,0.11613047,-1.9942214,-1.1970809,-0.030828506,0.1048504,-0.5208176,-0.29302484
44,f26474d82c2e3c6ebc04313a15376c24,-1.5470532,0.09438911,0.37784612,-0.16288008,-0.4144076,0.5257546,-1.6060852,-0.12449263,0.45573848,-0.8287287,-1.6715727,-0.7300914,-0.6750986,-0.4569313,0.008958352,0.10748866,-0.058660302,0.97923565,0.33925354,-1.2869539,0.23026368,0.13240664,0.20129058,0.39216614,0.49175918,-0.11998883,0.16300908,-0.0033519026,-0.53035104,-0.49226862,-0.10623407,0.37244725
45,f51a097b55333269b6448251d49ad4cb,-0.8659129,-0.100532934,0.17091316,-0.19795972,-0.38273466,-0.069577575,-0.56860703,-0.87049735,-0.19843684,-0.2963417,-0.8164384,0.1553812,-0.47878116,-0.3157215,0.85858184,0.34160608,-0.31630352,0.82752705,0.05999899,0.50418067,-0.01885131,-0.039066777,0.43872246,0.41340667,-0.41983896,-0.31757507,0.0516444,0.74932736,-0.2559,-0.05476314,-0.9959647,0.2443329
46,f55e98f9890449089a577c8b52db16a7,-0.80875146,-0.41540393,0.2582078,0.72540057,-0.69508207,-1.7236649,-0.35681728,-0.3638836,0.23629785,0.29037586,0.7091377,-0.7192898,-0.38153332,0.2079669,-0.8277041,-0.81022817,0.0463769,-0.48337612,-0.107407,-1.0508078,-0.48468876,0.26752484,-1.8933918,-0.92741513,0.21656491,-0.07699421,-2.140783,-1.27674,0.28098935,0.7267464,-0.048105806,-0.18823445
47,f8b17250730045079c62d0fbad90964f,0.1393452,-0.99612,-0.45705223,-0.49416083,0.53353184,0.1396605,-0.8643653,-0.1490901,-0.7967179,-0.73062855,-0.5190899,0.453547,-0.980801,-0.5939361,0.27176058,-0.0450993,-0.21130791,-0.3826395,0.16663492,-0.021820933,-0.051953405,-0.0459259,0.8338242,0.38976657,-0.3582865,-0.58438694,0.5916364,0.5416237,-0.70963484,-0.3086354,0.002691865,0.1765218
48,f8c767ef56234286aec8659c2fbd0e23,-2.7302318,-0.68068993,-0.15038976,0.6845548,-1.5162412,-2.8243866,0.16133201,-0.030707665,0.2311281,-0.29481113,0.063538134,-0.88560414,-0.66687334,-0.29118782,-0.537159,-0.021912709,0.14398606,-1.6832801,-0.96210814,-0.62849945,0.07783668,0.32594013,-1.0875777,-0.3686863,1.1137966,-0.21450816,-2.7136998,-1.6629753,0.23894298,0.26319522,-0.24509443,-0.09523259
49,f9fcb2a6b7763d97b11f5e0d84e1cee1,-0.5373779,0.16979048,-1.1715366,-0.22616231,0.1690412,0.43240735,-0.18847057,0.5533767,-0.6350759,-0.15800214,-0.90770555,0.061894476,-0.24264362,-0.3997492,0.5233222,-0.04932262,-0.26147655,-1.0013967,0.41770953,0.4232868,-0.48044068,-0.5223128,0.43637058,-0.25072452,-0.21716802,-1.1458901,0.5066025,-0.013876032,-0.31059957,-0.24001132,0.34522986,-0.8471586
